ID,USERNAME,FIRSTNAME,LASTNAME,EMAIL,PASSWORD,PHONE,USERSTATUS
1,gaaronson0,Giffer,Aaronson,gaaronson0@cmu.edu,QzpKBSr,275-250-0192,1
2,cpeidro1,Chic,Peidro,cpeidro1@e-recht24.de,0fHcBAT,213-393-7455,2
3,amartindale2,Abie,Martindale,amartindale2@bloomberg.com,JyJ5dQz,454-986-8392,3
4,rdemalchar3,Rosco,De Malchar,rdemalchar3@constantcontact.com,6T2w6C,830-958-4509,4
5,npadbery4,Nissie,Padbery,npadbery4@google.com,gZPuwoBlT,170-335-6374,5
6,channant5,Claybourne,Hannant,channant5@baidu.com,IN1bZmHhiX9K,613-990-7038,6
7,bdeport6,Batholomew,Deport,bdeport6@a8.net,IhNneKPfPgYM,662-945-6238,7
8,nclausius7,Nikolaus,Clausius,nclausius7@51.la,C8fFU5VWMhX,790-434-6404,8
9,rliptrot8,Romeo,Liptrot,rliptrot8@cam.ac.uk,NFpInO0,443-293-1919,9
10,dcoffey9,Dora,Coffey,dcoffey9@google.com.au,19EiYPhc0,736-461-2772,10
11,vmariaulta,Viola,Mariault,vmariaulta@gmpg.org,VDPSvW,924-721-7381,11
12,scroncheyb,Shermie,Cronchey,scroncheyb@godaddy.com,UxiQrk,586-936-0063,12
13,ktudhopec,Kayle,Tudhope,ktudhopec@newyorker.com,0f872Dl1,622-100-2929,13
14,lcullrfordd,Lindi,Cullrford,lcullrfordd@sun.com,Bpr1XZ0w,922-472-8452,14
15,lgarfielde,Liesa,Garfield,lgarfielde@merriam-webster.com,I9gcbugckJ1,610-552-0172,15
16,bsimenotf,Bengt,Simenot,bsimenotf@usa.gov,vJgRag8y,248-126-1547,16
17,gsuccamoreg,Godfry,Succamore,gsuccamoreg@techcrunch.com,YRKR53uIjrs9,469-906-1676,17
18,bgiovannettih,Briana,Giovannetti,bgiovannettih@last.fm,rNLoPjHH24,594-500-2480,18
19,ghamelyni,Geri,Hamelyn,ghamelyni@abc.net.au,i6IzNjLIA,751-505-9667,19
20,cilsleyj,Chiquia,Ilsley,cilsleyj@google.de,hXjVovktA,413-444-9258,20
21,mallcoatk,Marje,Allcoat,mallcoatk@over-blog.com,Po09xDI,755-248-8938,21
22,msomesl,Mason,Somes,msomesl@cnbc.com,2rg54qCIyu,274-941-9677,22
23,ialdissm,Ives,Aldiss,ialdissm@fema.gov,PjPBSs,215-587-5876,23
24,mcarousn,Maryann,Carous,mcarousn@elpais.com,X0Y7DPALpu,580-489-3526,24
25,aubsdello,Anthia,Ubsdell,aubsdello@example.com,sdVk4zNuC83G,753-892-7857,25